video,clip_start_frame,mse,regularity_score
C:\VIXMO AI\0-Code\loitering\lab\lab.mp4,0,0.00294524,0.73539638
C:\VIXMO AI\0-Code\loitering\lab\lab.mp4,1,0.00292747,0.73978036
C:\VIXMO AI\0-Code\loitering\lab\lab.mp4,2,0.00290141,0.74621023
C:\VIXMO AI\0-Code\loitering\lab\lab.mp4,3,0.00288335,0.75066526
C:\VIXMO AI\0-Code\loitering\lab\lab.mp4,4,0.00285983,0.75646565
C:\VIXMO AI\0-Code\loitering\lab\lab.mp4,5,0.00282870,0.76414474
C:\VIXMO AI\0-Code\loitering\lab\lab.mp4,6,0.00280130,0.77090527
C:\VIXMO AI\0-Code\loitering\lab\lab.mp4,7,0.00278048,0.77603987
C:\VIXMO AI\0-Code\loitering\lab\lab.mp4,8,0.00277436,0.77754927
C:\VIXMO AI\0-Code\loitering\lab\lab.mp4,9,0.00276376,0.78016487
C:\VIXMO AI\0-Code\loitering\lab\lab.mp4,10,0.00277071,0.77845060
C:\VIXMO AI\0-Code\loitering\lab\lab.mp4,11,0.00276650,0.77948874
C:\VIXMO AI\0-Code\loitering\lab\lab.mp4,12,0.00276756,0.77922695
C:\VIXMO AI\0-Code\loitering\lab\lab.mp4,13,0.00275133,0.78323174
C:\VIXMO AI\0-Code\loitering\lab\lab.mp4,14,0.00274902,0.78380179
C:\VIXMO AI\0-Code\loitering\lab\lab.mp4,15,0.00274124,0.78572018
C:\VIXMO AI\0-Code\loitering\lab\lab.mp4,16,0.00274543,0.78468795
C:\VIXMO AI\0-Code\loitering\lab\lab.mp4,17,0.00273741,0.78666545
C:\VIXMO AI\0-Code\loitering\lab\lab.mp4,18,0.00274711,0.78427333
C:\VIXMO AI\0-Code\loitering\lab\lab.mp4,19,0.00274087,0.78581277
C:\VIXMO AI\0-Code\loitering\lab\lab.mp4,20,0.00273943,0.78616795
C:\VIXMO AI\0-Code\loitering\lab\lab.mp4,21,0.00272614,0.78944497
C:\VIXMO AI\0-Code\loitering\lab\lab.mp4,22,0.00272252,0.79033809
C:\VIXMO AI\0-Code\loitering\lab\lab.mp4,23,0.00270863,0.79376382
C:\VIXMO AI\0-Code\loitering\lab\lab.mp4,24,0.00271219,0.79288603
C:\VIXMO AI\0-Code\loitering\lab\lab.mp4,25,0.00270892,0.79369375
C:\VIXMO AI\0-Code\loitering\lab\lab.mp4,26,0.00270943,0.79356727
C:\VIXMO AI\0-Code\loitering\lab\lab.mp4,27,0.00271487,0.79222426
C:\VIXMO AI\0-Code\loitering\lab\lab.mp4,28,0.00272063,0.79080567
C:\VIXMO AI\0-Code\loitering\lab\lab.mp4,29,0.00272443,0.78986735
C:\VIXMO AI\0-Code\loitering\lab\lab.mp4,30,0.00271979,0.79101066
C:\VIXMO AI\0-Code\loitering\lab\lab.mp4,31,0.00272295,0.79023218
C:\VIXMO AI\0-Code\loitering\lab\lab.mp4,32,0.00273372,0.78757580
C:\VIXMO AI\0-Code\loitering\lab\lab.mp4,33,0.00274583,0.78458836
C:\VIXMO AI\0-Code\loitering\lab\lab.mp4,34,0.00277140,0.77828030
C:\VIXMO AI\0-Code\loitering\lab\lab.mp4,35,0.00277886,0.77644134
C:\VIXMO AI\0-Code\loitering\lab\lab.mp4,36,0.00285236,0.75830972
C:\VIXMO AI\0-Code\loitering\lab\lab.mp4,37,0.00292357,0.74074401
C:\VIXMO AI\0-Code\loitering\lab\lab.mp4,38,0.00303571,0.71308003
C:\VIXMO AI\0-Code\loitering\lab\lab.mp4,39,0.00324579,0.66125688
C:\VIXMO AI\0-Code\loitering\lab\lab.mp4,40,0.00345520,0.60959955
C:\VIXMO AI\0-Code\loitering\lab\lab.mp4,41,0.00376482,0.53322139
C:\VIXMO AI\0-Code\loitering\lab\lab.mp4,42,0.00403022,0.46775105
C:\VIXMO AI\0-Code\loitering\lab\lab.mp4,43,0.00429649,0.40206854
C:\VIXMO AI\0-Code\loitering\lab\lab.mp4,44,0.00456213,0.33653893
C:\VIXMO AI\0-Code\loitering\lab\lab.mp4,45,0.00483519,0.26917862
C:\VIXMO AI\0-Code\loitering\lab\lab.mp4,46,0.00500580,0.22709397
C:\VIXMO AI\0-Code\loitering\lab\lab.mp4,47,0.00526132,0.16406084
C:\VIXMO AI\0-Code\loitering\lab\lab.mp4,48,0.00533859,0.14499853
C:\VIXMO AI\0-Code\loitering\lab\lab.mp4,49,0.00557308,0.08715537
C:\VIXMO AI\0-Code\loitering\lab\lab.mp4,50,0.00559275,0.08230301
C:\VIXMO AI\0-Code\loitering\lab\lab.mp4,51,0.00585037,0.01875123
C:\VIXMO AI\0-Code\loitering\lab\lab.mp4,52,0.00578845,0.03402729
C:\VIXMO AI\0-Code\loitering\lab\lab.mp4,53,0.00592639,0.00000000
C:\VIXMO AI\0-Code\loitering\lab\lab.mp4,54,0.00580227,0.03061679
C:\VIXMO AI\0-Code\loitering\lab\lab.mp4,55,0.00575808,0.04151857
C:\VIXMO AI\0-Code\loitering\lab\lab.mp4,56,0.00560497,0.07928823
C:\VIXMO AI\0-Code\loitering\lab\lab.mp4,57,0.00540011,0.12982287
C:\VIXMO AI\0-Code\loitering\lab\lab.mp4,58,0.00523147,0.17142301
C:\VIXMO AI\0-Code\loitering\lab\lab.mp4,59,0.00500662,0.22689122
C:\VIXMO AI\0-Code\loitering\lab\lab.mp4,60,0.00474938,0.29034777
C:\VIXMO AI\0-Code\loitering\lab\lab.mp4,61,0.00453831,0.34241536
C:\VIXMO AI\0-Code\loitering\lab\lab.mp4,62,0.00433773,0.39189320
C:\VIXMO AI\0-Code\loitering\lab\lab.mp4,63,0.00421236,0.42281990
C:\VIXMO AI\0-Code\loitering\lab\lab.mp4,64,0.00412633,0.44404407
C:\VIXMO AI\0-Code\loitering\lab\lab.mp4,65,0.00402111,0.46999952
C:\VIXMO AI\0-Code\loitering\lab\lab.mp4,66,0.00395622,0.48600524
C:\VIXMO AI\0-Code\loitering\lab\lab.mp4,67,0.00384291,0.51395806
C:\VIXMO AI\0-Code\loitering\lab\lab.mp4,68,0.00370571,0.54780219
C:\VIXMO AI\0-Code\loitering\lab\lab.mp4,69,0.00359630,0.57479085
C:\VIXMO AI\0-Code\loitering\lab\lab.mp4,70,0.00352185,0.59315715
C:\VIXMO AI\0-Code\loitering\lab\lab.mp4,71,0.00338801,0.62617410
C:\VIXMO AI\0-Code\loitering\lab\lab.mp4,72,0.00343180,0.61537167
C:\VIXMO AI\0-Code\loitering\lab\lab.mp4,73,0.00326756,0.65588576
C:\VIXMO AI\0-Code\loitering\lab\lab.mp4,74,0.00321023,0.67002787
C:\VIXMO AI\0-Code\loitering\lab\lab.mp4,75,0.00317899,0.67773609
C:\VIXMO AI\0-Code\loitering\lab\lab.mp4,76,0.00314894,0.68514742
C:\VIXMO AI\0-Code\loitering\lab\lab.mp4,77,0.00311875,0.69259654
C:\VIXMO AI\0-Code\loitering\lab\lab.mp4,78,0.00306990,0.70464577
C:\VIXMO AI\0-Code\loitering\lab\lab.mp4,79,0.00304063,0.71186573
C:\VIXMO AI\0-Code\loitering\lab\lab.mp4,80,0.00301497,0.71819481
C:\VIXMO AI\0-Code\loitering\lab\lab.mp4,81,0.00299957,0.72199593
C:\VIXMO AI\0-Code\loitering\lab\lab.mp4,82,0.00299136,0.72401915
C:\VIXMO AI\0-Code\loitering\lab\lab.mp4,83,0.00298609,0.72531913
C:\VIXMO AI\0-Code\loitering\lab\lab.mp4,84,0.00298340,0.72598504
C:\VIXMO AI\0-Code\loitering\lab\lab.mp4,85,0.00298272,0.72615103
C:\VIXMO AI\0-Code\loitering\lab\lab.mp4,86,0.00298137,0.72648519
C:\VIXMO AI\0-Code\loitering\lab\lab.mp4,87,0.00298180,0.72637795
C:\VIXMO AI\0-Code\loitering\lab\lab.mp4,88,0.00298186,0.72636250
C:\VIXMO AI\0-Code\loitering\lab\lab.mp4,89,0.00298172,0.72639938
C:\VIXMO AI\0-Code\loitering\lab\lab.mp4,90,0.00298154,0.72644205
C:\VIXMO AI\0-Code\loitering\lab\lab.mp4,91,0.00298063,0.72666835
C:\VIXMO AI\0-Code\loitering\lab\lab.mp4,92,0.00297943,0.72696316
C:\VIXMO AI\0-Code\loitering\lab\lab.mp4,93,0.00297927,0.72700342
C:\VIXMO AI\0-Code\loitering\lab\lab.mp4,94,0.00297845,0.72720577
C:\VIXMO AI\0-Code\loitering\lab\lab.mp4,95,0.00297722,0.72750937
C:\VIXMO AI\0-Code\loitering\lab\lab.mp4,96,0.00297731,0.72748640
C:\VIXMO AI\0-Code\loitering\lab\lab.mp4,97,0.00297709,0.72753970
C:\VIXMO AI\0-Code\loitering\lab\lab.mp4,98,0.00297616,0.72776915
C:\VIXMO AI\0-Code\loitering\lab\lab.mp4,99,0.00297632,0.72773142
C:\VIXMO AI\0-Code\loitering\lab\lab.mp4,100,0.00297624,0.72774997
C:\VIXMO AI\0-Code\loitering\lab\lab.mp4,101,0.00297508,0.72803605
C:\VIXMO AI\0-Code\loitering\lab\lab.mp4,102,0.00297552,0.72792704
C:\VIXMO AI\0-Code\loitering\lab\lab.mp4,103,0.00297499,0.72805926
C:\VIXMO AI\0-Code\loitering\lab\lab.mp4,104,0.00297431,0.72822542
C:\VIXMO AI\0-Code\loitering\lab\lab.mp4,105,0.00297536,0.72796621
C:\VIXMO AI\0-Code\loitering\lab\lab.mp4,106,0.00297580,0.72785846
C:\VIXMO AI\0-Code\loitering\lab\lab.mp4,107,0.00297576,0.72786960
C:\VIXMO AI\0-Code\loitering\lab\lab.mp4,108,0.00297878,0.72712335
C:\VIXMO AI\0-Code\loitering\lab\lab.mp4,109,0.00298044,0.72671441
C:\VIXMO AI\0-Code\loitering\lab\lab.mp4,110,0.00298370,0.72591089
C:\VIXMO AI\0-Code\loitering\lab\lab.mp4,111,0.00298824,0.72478895
C:\VIXMO AI\0-Code\loitering\lab\lab.mp4,112,0.00299822,0.72232848
C:\VIXMO AI\0-Code\loitering\lab\lab.mp4,113,0.00300292,0.72116869
C:\VIXMO AI\0-Code\loitering\lab\lab.mp4,114,0.00301282,0.71872557
C:\VIXMO AI\0-Code\loitering\lab\lab.mp4,115,0.00302666,0.71531219
C:\VIXMO AI\0-Code\loitering\lab\lab.mp4,116,0.00305000,0.70955517
C:\VIXMO AI\0-Code\loitering\lab\lab.mp4,117,0.00307660,0.70299278
C:\VIXMO AI\0-Code\loitering\lab\lab.mp4,118,0.00309615,0.69817138
C:\VIXMO AI\0-Code\loitering\lab\lab.mp4,119,0.00314985,0.68492463
C:\VIXMO AI\0-Code\loitering\lab\lab.mp4,120,0.00319693,0.67331041
C:\VIXMO AI\0-Code\loitering\lab\lab.mp4,121,0.00325975,0.65781226
C:\VIXMO AI\0-Code\loitering\lab\lab.mp4,122,0.00329799,0.64838006
C:\VIXMO AI\0-Code\loitering\lab\lab.mp4,123,0.00337180,0.63017165
C:\VIXMO AI\0-Code\loitering\lab\lab.mp4,124,0.00342544,0.61694035
C:\VIXMO AI\0-Code\loitering\lab\lab.mp4,125,0.00349597,0.59954269
C:\VIXMO AI\0-Code\loitering\lab\lab.mp4,126,0.00356939,0.58143134
C:\VIXMO AI\0-Code\loitering\lab\lab.mp4,127,0.00362072,0.56876853
C:\VIXMO AI\0-Code\loitering\lab\lab.mp4,128,0.00368485,0.55294937
C:\VIXMO AI\0-Code\loitering\lab\lab.mp4,129,0.00367673,0.55495133
C:\VIXMO AI\0-Code\loitering\lab\lab.mp4,130,0.00382001,0.51960630
C:\VIXMO AI\0-Code\loitering\lab\lab.mp4,131,0.00378551,0.52811643
C:\VIXMO AI\0-Code\loitering\lab\lab.mp4,132,0.00392094,0.49470783
C:\VIXMO AI\0-Code\loitering\lab\lab.mp4,133,0.00387252,0.50665333
C:\VIXMO AI\0-Code\loitering\lab\lab.mp4,134,0.00394425,0.48895787
C:\VIXMO AI\0-Code\loitering\lab\lab.mp4,135,0.00395158,0.48715130
C:\VIXMO AI\0-Code\loitering\lab\lab.mp4,136,0.00400277,0.47452255
C:\VIXMO AI\0-Code\loitering\lab\lab.mp4,137,0.00391697,0.49568859
C:\VIXMO AI\0-Code\loitering\lab\lab.mp4,138,0.00393208,0.49195990
C:\VIXMO AI\0-Code\loitering\lab\lab.mp4,139,0.00383459,0.51601040
C:\VIXMO AI\0-Code\loitering\lab\lab.mp4,140,0.00389187,0.50188052
C:\VIXMO AI\0-Code\loitering\lab\lab.mp4,141,0.00376229,0.53384404
C:\VIXMO AI\0-Code\loitering\lab\lab.mp4,142,0.00379053,0.52687962
C:\VIXMO AI\0-Code\loitering\lab\lab.mp4,143,0.00370565,0.54781649
C:\VIXMO AI\0-Code\loitering\lab\lab.mp4,144,0.00372168,0.54386196
C:\VIXMO AI\0-Code\loitering\lab\lab.mp4,145,0.00362624,0.56740703
C:\VIXMO AI\0-Code\loitering\lab\lab.mp4,146,0.00361792,0.56945810
C:\VIXMO AI\0-Code\loitering\lab\lab.mp4,147,0.00352911,0.59136626
C:\VIXMO AI\0-Code\loitering\lab\lab.mp4,148,0.00346866,0.60627962
C:\VIXMO AI\0-Code\loitering\lab\lab.mp4,149,0.00336507,0.63183302
C:\VIXMO AI\0-Code\loitering\lab\lab.mp4,150,0.00332696,0.64123271
C:\VIXMO AI\0-Code\loitering\lab\lab.mp4,151,0.00321519,0.66880548
C:\VIXMO AI\0-Code\loitering\lab\lab.mp4,152,0.00314431,0.68628998
C:\VIXMO AI\0-Code\loitering\lab\lab.mp4,153,0.00311531,0.69344498
C:\VIXMO AI\0-Code\loitering\lab\lab.mp4,154,0.00309106,0.69942663
C:\VIXMO AI\0-Code\loitering\lab\lab.mp4,155,0.00307074,0.70443832
C:\VIXMO AI\0-Code\loitering\lab\lab.mp4,156,0.00305602,0.70807012
C:\VIXMO AI\0-Code\loitering\lab\lab.mp4,157,0.00304180,0.71157809
C:\VIXMO AI\0-Code\loitering\lab\lab.mp4,158,0.00303117,0.71420059
C:\VIXMO AI\0-Code\loitering\lab\lab.mp4,159,0.00302211,0.71643356
C:\VIXMO AI\0-Code\loitering\lab\lab.mp4,160,0.00301515,0.71815070
C:\VIXMO AI\0-Code\loitering\lab\lab.mp4,161,0.00300886,0.71970334
C:\VIXMO AI\0-Code\loitering\lab\lab.mp4,162,0.00300450,0.72077842
C:\VIXMO AI\0-Code\loitering\lab\lab.mp4,163,0.00300160,0.72149527
C:\VIXMO AI\0-Code\loitering\lab\lab.mp4,164,0.00299974,0.72195211
C:\VIXMO AI\0-Code\loitering\lab\lab.mp4,165,0.00299780,0.72243163
C:\VIXMO AI\0-Code\loitering\lab\lab.mp4,166,0.00299713,0.72259762
C:\VIXMO AI\0-Code\loitering\lab\lab.mp4,167,0.00299548,0.72300398
C:\VIXMO AI\0-Code\loitering\lab\lab.mp4,168,0.00299391,0.72339109
C:\VIXMO AI\0-Code\loitering\lab\lab.mp4,169,0.00299380,0.72341866
C:\VIXMO AI\0-Code\loitering\lab\lab.mp4,170,0.00299302,0.72361176
C:\VIXMO AI\0-Code\loitering\lab\lab.mp4,171,0.00299221,0.72380951
C:\VIXMO AI\0-Code\loitering\lab\lab.mp4,172,0.00299212,0.72383168
C:\VIXMO AI\0-Code\loitering\lab\lab.mp4,173,0.00299121,0.72405791
C:\VIXMO AI\0-Code\loitering\lab\lab.mp4,174,0.00299023,0.72430000
C:\VIXMO AI\0-Code\loitering\lab\lab.mp4,175,0.00299026,0.72429150
C:\VIXMO AI\0-Code\loitering\lab\lab.mp4,176,0.00298930,0.72452854
C:\VIXMO AI\0-Code\loitering\lab\lab.mp4,177,0.00298838,0.72475432
C:\VIXMO AI\0-Code\loitering\lab\lab.mp4,178,0.00298845,0.72473732
C:\VIXMO AI\0-Code\loitering\lab\lab.mp4,179,0.00298780,0.72489831
C:\VIXMO AI\0-Code\loitering\lab\lab.mp4,180,0.00298713,0.72506435
C:\VIXMO AI\0-Code\loitering\lab\lab.mp4,181,0.00298750,0.72497286
C:\VIXMO AI\0-Code\loitering\lab\lab.mp4,182,0.00298678,0.72515016
C:\VIXMO AI\0-Code\loitering\lab\lab.mp4,183,0.00298609,0.72532114
C:\VIXMO AI\0-Code\loitering\lab\lab.mp4,184,0.00298592,0.72536250
C:\VIXMO AI\0-Code\loitering\lab\lab.mp4,185,0.00298530,0.72551614
C:\VIXMO AI\0-Code\loitering\lab\lab.mp4,186,0.00298433,0.72575518
C:\VIXMO AI\0-Code\loitering\lab\lab.mp4,187,0.00298466,0.72567334
C:\VIXMO AI\0-Code\loitering\lab\lab.mp4,188,0.00298424,0.72577609
C:\VIXMO AI\0-Code\loitering\lab\lab.mp4,189,0.00298369,0.72591227
C:\VIXMO AI\0-Code\loitering\lab\lab.mp4,190,0.00298380,0.72588637
C:\VIXMO AI\0-Code\loitering\lab\lab.mp4,191,0.00298376,0.72589395
C:\VIXMO AI\0-Code\loitering\lab\lab.mp4,192,0.00298331,0.72600675
C:\VIXMO AI\0-Code\loitering\lab\lab.mp4,193,0.00298370,0.72590928
C:\VIXMO AI\0-Code\loitering\lab\lab.mp4,194,0.00298298,0.72608837
C:\VIXMO AI\0-Code\loitering\lab\lab.mp4,195,0.00298269,0.72615849
C:\VIXMO AI\0-Code\loitering\lab\lab.mp4,196,0.00298325,0.72602076
C:\VIXMO AI\0-Code\loitering\lab\lab.mp4,197,0.00298319,0.72603673
C:\VIXMO AI\0-Code\loitering\lab\lab.mp4,198,0.00298286,0.72611777
C:\VIXMO AI\0-Code\loitering\lab\lab.mp4,199,0.00298349,0.72596247
C:\VIXMO AI\0-Code\loitering\lab\lab.mp4,200,0.00298336,0.72599308
C:\VIXMO AI\0-Code\loitering\lab\lab.mp4,201,0.00298334,0.72599813
C:\VIXMO AI\0-Code\loitering\lab\lab.mp4,202,0.00298375,0.72589711
C:\VIXMO AI\0-Code\loitering\lab\lab.mp4,203,0.00298395,0.72584903
C:\VIXMO AI\0-Code\loitering\lab\lab.mp4,204,0.00298389,0.72586351
C:\VIXMO AI\0-Code\loitering\lab\lab.mp4,205,0.00298435,0.72574921
C:\VIXMO AI\0-Code\loitering\lab\lab.mp4,206,0.00298483,0.72563198
C:\VIXMO AI\0-Code\loitering\lab\lab.mp4,207,0.00298470,0.72566306
C:\VIXMO AI\0-Code\loitering\lab\lab.mp4,208,0.00298557,0.72544842
C:\VIXMO AI\0-Code\loitering\lab\lab.mp4,209,0.00298637,0.72525119
C:\VIXMO AI\0-Code\loitering\lab\lab.mp4,210,0.00298673,0.72516320
C:\VIXMO AI\0-Code\loitering\lab\lab.mp4,211,0.00298742,0.72499095
C:\VIXMO AI\0-Code\loitering\lab\lab.mp4,212,0.00298746,0.72498153
C:\VIXMO AI\0-Code\loitering\lab\lab.mp4,213,0.00298734,0.72501128
C:\VIXMO AI\0-Code\loitering\lab\lab.mp4,214,0.00298811,0.72482203
C:\VIXMO AI\0-Code\loitering\lab\lab.mp4,215,0.00298822,0.72479601
C:\VIXMO AI\0-Code\loitering\lab\lab.mp4,216,0.00298833,0.72476689
C:\VIXMO AI\0-Code\loitering\lab\lab.mp4,217,0.00298890,0.72462692
C:\VIXMO AI\0-Code\loitering\lab\lab.mp4,218,0.00298972,0.72442378
C:\VIXMO AI\0-Code\loitering\lab\lab.mp4,219,0.00298957,0.72446134
C:\VIXMO AI\0-Code\loitering\lab\lab.mp4,220,0.00299079,0.72416101
C:\VIXMO AI\0-Code\loitering\lab\lab.mp4,221,0.00299265,0.72370164
C:\VIXMO AI\0-Code\loitering\lab\lab.mp4,222,0.00299534,0.72303941
C:\VIXMO AI\0-Code\loitering\lab\lab.mp4,223,0.00299860,0.72223360
C:\VIXMO AI\0-Code\loitering\lab\lab.mp4,224,0.00300280,0.72119821
C:\VIXMO AI\0-Code\loitering\lab\lab.mp4,225,0.00300653,0.72027712
C:\VIXMO AI\0-Code\loitering\lab\lab.mp4,226,0.00301194,0.71894359
C:\VIXMO AI\0-Code\loitering\lab\lab.mp4,227,0.00301669,0.71777053
C:\VIXMO AI\0-Code\loitering\lab\lab.mp4,228,0.00302238,0.71636848
C:\VIXMO AI\0-Code\loitering\lab\lab.mp4,229,0.00312274,0.69161095
C:\VIXMO AI\0-Code\loitering\lab\lab.mp4,230,0.00319373,0.67409952
C:\VIXMO AI\0-Code\loitering\lab\lab.mp4,231,0.00332149,0.64258278
C:\VIXMO AI\0-Code\loitering\lab\lab.mp4,232,0.00337684,0.62892892
C:\VIXMO AI\0-Code\loitering\lab\lab.mp4,233,0.00361165,0.57100632
C:\VIXMO AI\0-Code\loitering\lab\lab.mp4,234,0.00367582,0.55517544
C:\VIXMO AI\0-Code\loitering\lab\lab.mp4,235,0.00374160,0.53894958
C:\VIXMO AI\0-Code\loitering\lab\lab.mp4,236,0.00376571,0.53300141
C:\VIXMO AI\0-Code\loitering\lab\lab.mp4,237,0.00390394,0.49890359
C:\VIXMO AI\0-Code\loitering\lab\lab.mp4,238,0.00381426,0.52102507
C:\VIXMO AI\0-Code\loitering\lab\lab.mp4,239,0.00396271,0.48440452
C:\VIXMO AI\0-Code\loitering\lab\lab.mp4,240,0.00398971,0.47774375
C:\VIXMO AI\0-Code\loitering\lab\lab.mp4,241,0.00418300,0.43006398
C:\VIXMO AI\0-Code\loitering\lab\lab.mp4,242,0.00434479,0.39015256
C:\VIXMO AI\0-Code\loitering\lab\lab.mp4,243,0.00459715,0.32789940
C:\VIXMO AI\0-Code\loitering\lab\lab.mp4,244,0.00477487,0.28405918
C:\VIXMO AI\0-Code\loitering\lab\lab.mp4,245,0.00496068,0.23822401
C:\VIXMO AI\0-Code\loitering\lab\lab.mp4,246,0.00499669,0.22933957
C:\VIXMO AI\0-Code\loitering\lab\lab.mp4,247,0.00521160,0.17632648
C:\VIXMO AI\0-Code\loitering\lab\lab.mp4,248,0.00529760,0.15511070
C:\VIXMO AI\0-Code\loitering\lab\lab.mp4,249,0.00539903,0.13008960
C:\VIXMO AI\0-Code\loitering\lab\lab.mp4,250,0.00542293,0.12419514
C:\VIXMO AI\0-Code\loitering\lab\lab.mp4,251,0.00550915,0.10292571
C:\VIXMO AI\0-Code\loitering\lab\lab.mp4,252,0.00541468,0.12622892
C:\VIXMO AI\0-Code\loitering\lab\lab.mp4,253,0.00555586,0.09140339
C:\VIXMO AI\0-Code\loitering\lab\lab.mp4,254,0.00560377,0.07958448
C:\VIXMO AI\0-Code\loitering\lab\lab.mp4,255,0.00567537,0.06192164
C:\VIXMO AI\0-Code\loitering\lab\lab.mp4,256,0.00569658,0.05668941
C:\VIXMO AI\0-Code\loitering\lab\lab.mp4,257,0.00557960,0.08554684
C:\VIXMO AI\0-Code\loitering\lab\lab.mp4,258,0.00549525,0.10635437
C:\VIXMO AI\0-Code\loitering\lab\lab.mp4,259,0.00539673,0.13065649
C:\VIXMO AI\0-Code\loitering\lab\lab.mp4,260,0.00520421,0.17814764
C:\VIXMO AI\0-Code\loitering\lab\lab.mp4,261,0.00498069,0.23328733
C:\VIXMO AI\0-Code\loitering\lab\lab.mp4,262,0.00467465,0.30878116
C:\VIXMO AI\0-Code\loitering\lab\lab.mp4,263,0.00439795,0.37703986
C:\VIXMO AI\0-Code\loitering\lab\lab.mp4,264,0.00416942,0.43341395
C:\VIXMO AI\0-Code\loitering\lab\lab.mp4,265,0.00401339,0.47190304
C:\VIXMO AI\0-Code\loitering\lab\lab.mp4,266,0.00394019,0.48996023
C:\VIXMO AI\0-Code\loitering\lab\lab.mp4,267,0.00390505,0.49862899
C:\VIXMO AI\0-Code\loitering\lab\lab.mp4,268,0.00404739,0.46351715
C:\VIXMO AI\0-Code\loitering\lab\lab.mp4,269,0.00401447,0.47163781
C:\VIXMO AI\0-Code\loitering\lab\lab.mp4,270,0.00403410,0.46679533
C:\VIXMO AI\0-Code\loitering\lab\lab.mp4,271,0.00406165,0.45999763
C:\VIXMO AI\0-Code\loitering\lab\lab.mp4,272,0.00407156,0.45755388
C:\VIXMO AI\0-Code\loitering\lab\lab.mp4,273,0.00409080,0.45280662
C:\VIXMO AI\0-Code\loitering\lab\lab.mp4,274,0.00412653,0.44399307
C:\VIXMO AI\0-Code\loitering\lab\lab.mp4,275,0.00417499,0.43203884
C:\VIXMO AI\0-Code\loitering\lab\lab.mp4,276,0.00422828,0.41889432
C:\VIXMO AI\0-Code\loitering\lab\lab.mp4,277,0.00429678,0.40199640
C:\VIXMO AI\0-Code\loitering\lab\lab.mp4,278,0.00437612,0.38242304
C:\VIXMO AI\0-Code\loitering\lab\lab.mp4,279,0.00447120,0.35896889
C:\VIXMO AI\0-Code\loitering\lab\lab.mp4,280,0.00460198,0.32670865
C:\VIXMO AI\0-Code\loitering\lab\lab.mp4,281,0.00472326,0.29678971
C:\VIXMO AI\0-Code\loitering\lab\lab.mp4,282,0.00484281,0.26730015
C:\VIXMO AI\0-Code\loitering\lab\lab.mp4,283,0.00467148,0.30956400
C:\VIXMO AI\0-Code\loitering\lab\lab.mp4,284,0.00464316,0.31655019
C:\VIXMO AI\0-Code\loitering\lab\lab.mp4,285,0.00466472,0.31123192
C:\VIXMO AI\0-Code\loitering\lab\lab.mp4,286,0.00468485,0.30626664
C:\VIXMO AI\0-Code\loitering\lab\lab.mp4,287,0.00471490,0.29885186
C:\VIXMO AI\0-Code\loitering\lab\lab.mp4,288,0.00474379,0.29172599
C:\VIXMO AI\0-Code\loitering\lab\lab.mp4,289,0.00477650,0.28365645
C:\VIXMO AI\0-Code\loitering\lab\lab.mp4,290,0.00479801,0.27835069
C:\VIXMO AI\0-Code\loitering\lab\lab.mp4,291,0.00481421,0.27435469
C:\VIXMO AI\0-Code\loitering\lab\lab.mp4,292,0.00481939,0.27307664
C:\VIXMO AI\0-Code\loitering\lab\lab.mp4,293,0.00484131,0.26767095
C:\VIXMO AI\0-Code\loitering\lab\lab.mp4,294,0.00486470,0.26190043
C:\VIXMO AI\0-Code\loitering\lab\lab.mp4,295,0.00487391,0.25962817
C:\VIXMO AI\0-Code\loitering\lab\lab.mp4,296,0.00489646,0.25406545
C:\VIXMO AI\0-Code\loitering\lab\lab.mp4,297,0.00491090,0.25050389
C:\VIXMO AI\0-Code\loitering\lab\lab.mp4,298,0.00493288,0.24508223
C:\VIXMO AI\0-Code\loitering\lab\lab.mp4,299,0.00494394,0.24235234
C:\VIXMO AI\0-Code\loitering\lab\lab.mp4,300,0.00495113,0.24057793
C:\VIXMO AI\0-Code\loitering\lab\lab.mp4,301,0.00494721,0.24154560
C:\VIXMO AI\0-Code\loitering\lab\lab.mp4,302,0.00495454,0.23973823
C:\VIXMO AI\0-Code\loitering\lab\lab.mp4,303,0.00494392,0.24235716
C:\VIXMO AI\0-Code\loitering\lab\lab.mp4,304,0.00494376,0.24239679
C:\VIXMO AI\0-Code\loitering\lab\lab.mp4,305,0.00492597,0.24678599
C:\VIXMO AI\0-Code\loitering\lab\lab.mp4,306,0.00491207,0.25021511
C:\VIXMO AI\0-Code\loitering\lab\lab.mp4,307,0.00488404,0.25712848
C:\VIXMO AI\0-Code\loitering\lab\lab.mp4,308,0.00484336,0.26716322
C:\VIXMO AI\0-Code\loitering\lab\lab.mp4,309,0.00480402,0.27686886
C:\VIXMO AI\0-Code\loitering\lab\lab.mp4,310,0.00477322,0.28446697
C:\VIXMO AI\0-Code\loitering\lab\lab.mp4,311,0.00474760,0.29078703
C:\VIXMO AI\0-Code\loitering\lab\lab.mp4,312,0.00471784,0.29812726
C:\VIXMO AI\0-Code\loitering\lab\lab.mp4,313,0.00469959,0.30262904
C:\VIXMO AI\0-Code\loitering\lab\lab.mp4,314,0.00468274,0.30678597
C:\VIXMO AI\0-Code\loitering\lab\lab.mp4,315,0.00466440,0.31130946
C:\VIXMO AI\0-Code\loitering\lab\lab.mp4,316,0.00464805,0.31534302
C:\VIXMO AI\0-Code\loitering\lab\lab.mp4,317,0.00461055,0.32459550
C:\VIXMO AI\0-Code\loitering\lab\lab.mp4,318,0.00460769,0.32529965
C:\VIXMO AI\0-Code\loitering\lab\lab.mp4,319,0.00457647,0.33300241
C:\VIXMO AI\0-Code\loitering\lab\lab.mp4,320,0.00460242,0.32660056
C:\VIXMO AI\0-Code\loitering\lab\lab.mp4,321,0.00459678,0.32799118
C:\VIXMO AI\0-Code\loitering\lab\lab.mp4,322,0.00465307,0.31410644
C:\VIXMO AI\0-Code\loitering\lab\lab.mp4,323,0.00464401,0.31633952
C:\VIXMO AI\0-Code\loitering\lab\lab.mp4,324,0.00470147,0.30216668
C:\VIXMO AI\0-Code\loitering\lab\lab.mp4,325,0.00473131,0.29480463
C:\VIXMO AI\0-Code\loitering\lab\lab.mp4,326,0.00481034,0.27531018
C:\VIXMO AI\0-Code\loitering\lab\lab.mp4,327,0.00483994,0.26800855
C:\VIXMO AI\0-Code\loitering\lab\lab.mp4,328,0.00494352,0.24245595
C:\VIXMO AI\0-Code\loitering\lab\lab.mp4,329,0.00493832,0.24373928
C:\VIXMO AI\0-Code\loitering\lab\lab.mp4,330,0.00496102,0.23813877
C:\VIXMO AI\0-Code\loitering\lab\lab.mp4,331,0.00490487,0.25199124
C:\VIXMO AI\0-Code\loitering\lab\lab.mp4,332,0.00497490,0.23471632
C:\VIXMO AI\0-Code\loitering\lab\lab.mp4,333,0.00497966,0.23354234
C:\VIXMO AI\0-Code\loitering\lab\lab.mp4,334,0.00499833,0.22893580
C:\VIXMO AI\0-Code\loitering\lab\lab.mp4,335,0.00498527,0.23215689
C:\VIXMO AI\0-Code\loitering\lab\lab.mp4,336,0.00497768,0.23402997
C:\VIXMO AI\0-Code\loitering\lab\lab.mp4,337,0.00485009,0.26550403
C:\VIXMO AI\0-Code\loitering\lab\lab.mp4,338,0.00477493,0.28404344
C:\VIXMO AI\0-Code\loitering\lab\lab.mp4,339,0.00462451,0.32114938
C:\VIXMO AI\0-Code\loitering\lab\lab.mp4,340,0.00450038,0.35177156
C:\VIXMO AI\0-Code\loitering\lab\lab.mp4,341,0.00438389,0.38050792
C:\VIXMO AI\0-Code\loitering\lab\lab.mp4,342,0.00425178,0.41309634
C:\VIXMO AI\0-Code\loitering\lab\lab.mp4,343,0.00404479,0.46415847
C:\VIXMO AI\0-Code\loitering\lab\lab.mp4,344,0.00389356,0.50146210
C:\VIXMO AI\0-Code\loitering\lab\lab.mp4,345,0.00376717,0.53264233
C:\VIXMO AI\0-Code\loitering\lab\lab.mp4,346,0.00368574,0.55272882
C:\VIXMO AI\0-Code\loitering\lab\lab.mp4,347,0.00359988,0.57390864
C:\VIXMO AI\0-Code\loitering\lab\lab.mp4,348,0.00353874,0.58899114
C:\VIXMO AI\0-Code\loitering\lab\lab.mp4,349,0.00343428,0.61475964
C:\VIXMO AI\0-Code\loitering\lab\lab.mp4,350,0.00333879,0.63831563
C:\VIXMO AI\0-Code\loitering\lab\lab.mp4,351,0.00321836,0.66802235
C:\VIXMO AI\0-Code\loitering\lab\lab.mp4,352,0.00318924,0.67520589
C:\VIXMO AI\0-Code\loitering\lab\lab.mp4,353,0.00313194,0.68934174
C:\VIXMO AI\0-Code\loitering\lab\lab.mp4,354,0.00310392,0.69625356
C:\VIXMO AI\0-Code\loitering\lab\lab.mp4,355,0.00308243,0.70155507
C:\VIXMO AI\0-Code\loitering\lab\lab.mp4,356,0.00310032,0.69714168
C:\VIXMO AI\0-Code\loitering\lab\lab.mp4,357,0.00302734,0.71514396
C:\VIXMO AI\0-Code\loitering\lab\lab.mp4,358,0.00306431,0.70602583
C:\VIXMO AI\0-Code\loitering\lab\lab.mp4,359,0.00307925,0.70233952
C:\VIXMO AI\0-Code\loitering\lab\lab.mp4,360,0.00310267,0.69656090
C:\VIXMO AI\0-Code\loitering\lab\lab.mp4,361,0.00309543,0.69834788
C:\VIXMO AI\0-Code\loitering\lab\lab.mp4,362,0.00311030,0.69467874
C:\VIXMO AI\0-Code\loitering\lab\lab.mp4,363,0.00309694,0.69797432
C:\VIXMO AI\0-Code\loitering\lab\lab.mp4,364,0.00308391,0.70118863
C:\VIXMO AI\0-Code\loitering\lab\lab.mp4,365,0.00307254,0.70399411
C:\VIXMO AI\0-Code\loitering\lab\lab.mp4,366,0.00306338,0.70625361
C:\VIXMO AI\0-Code\loitering\lab\lab.mp4,367,0.00305521,0.70826953
C:\VIXMO AI\0-Code\loitering\lab\lab.mp4,368,0.00305962,0.70718165
C:\VIXMO AI\0-Code\loitering\lab\lab.mp4,369,0.00305796,0.70759174
C:\VIXMO AI\0-Code\loitering\lab\lab.mp4,370,0.00306216,0.70655549
C:\VIXMO AI\0-Code\loitering\lab\lab.mp4,371,0.00305115,0.70927069
C:\VIXMO AI\0-Code\loitering\lab\lab.mp4,372,0.00303579,0.71305952
C:\VIXMO AI\0-Code\loitering\lab\lab.mp4,373,0.00302727,0.71516079
C:\VIXMO AI\0-Code\loitering\lab\lab.mp4,374,0.00302015,0.71691756
C:\VIXMO AI\0-Code\loitering\lab\lab.mp4,375,0.00302017,0.71691406
C:\VIXMO AI\0-Code\loitering\lab\lab.mp4,376,0.00301947,0.71708516
C:\VIXMO AI\0-Code\loitering\lab\lab.mp4,377,0.00301841,0.71734655
C:\VIXMO AI\0-Code\loitering\lab\lab.mp4,378,0.00301836,0.71735970
C:\VIXMO AI\0-Code\loitering\lab\lab.mp4,379,0.00301794,0.71746239
C:\VIXMO AI\0-Code\loitering\lab\lab.mp4,380,0.00301734,0.71761259
C:\VIXMO AI\0-Code\loitering\lab\lab.mp4,381,0.00301731,0.71761787
C:\VIXMO AI\0-Code\loitering\lab\lab.mp4,382,0.00301725,0.71763424
C:\VIXMO AI\0-Code\loitering\lab\lab.mp4,383,0.00301596,0.71795140
C:\VIXMO AI\0-Code\loitering\lab\lab.mp4,384,0.00301630,0.71786823
C:\VIXMO AI\0-Code\loitering\lab\lab.mp4,385,0.00301572,0.71800987
C:\VIXMO AI\0-Code\loitering\lab\lab.mp4,386,0.00301532,0.71810929
C:\VIXMO AI\0-Code\loitering\lab\lab.mp4,387,0.00301577,0.71799987
C:\VIXMO AI\0-Code\loitering\lab\lab.mp4,388,0.00301650,0.71781912
C:\VIXMO AI\0-Code\loitering\lab\lab.mp4,389,0.00301909,0.71717872
C:\VIXMO AI\0-Code\loitering\lab\lab.mp4,390,0.00302186,0.71649696
C:\VIXMO AI\0-Code\loitering\lab\lab.mp4,391,0.00302435,0.71588154
C:\VIXMO AI\0-Code\loitering\lab\lab.mp4,392,0.00302671,0.71529978
C:\VIXMO AI\0-Code\loitering\lab\lab.mp4,393,0.00302964,0.71457662
C:\VIXMO AI\0-Code\loitering\lab\lab.mp4,394,0.00303243,0.71388894
C:\VIXMO AI\0-Code\loitering\lab\lab.mp4,395,0.00303453,0.71337139
C:\VIXMO AI\0-Code\loitering\lab\lab.mp4,396,0.00303805,0.71250297
C:\VIXMO AI\0-Code\loitering\lab\lab.mp4,397,0.00304204,0.71151727
C:\VIXMO AI\0-Code\loitering\lab\lab.mp4,398,0.00304600,0.71054208
C:\VIXMO AI\0-Code\loitering\lab\lab.mp4,399,0.00305017,0.70951341
C:\VIXMO AI\0-Code\loitering\lab\lab.mp4,400,0.00305713,0.70779587
C:\VIXMO AI\0-Code\loitering\lab\lab.mp4,401,0.00306325,0.70628652
C:\VIXMO AI\0-Code\loitering\lab\lab.mp4,402,0.00307793,0.70266454
C:\VIXMO AI\0-Code\loitering\lab\lab.mp4,403,0.00308482,0.70096515
C:\VIXMO AI\0-Code\loitering\lab\lab.mp4,404,0.00309248,0.69907645
C:\VIXMO AI\0-Code\loitering\lab\lab.mp4,405,0.00309107,0.69942284
C:\VIXMO AI\0-Code\loitering\lab\lab.mp4,406,0.00309783,0.69775681
C:\VIXMO AI\0-Code\loitering\lab\lab.mp4,407,0.00309523,0.69839727
C:\VIXMO AI\0-Code\loitering\lab\lab.mp4,408,0.00310266,0.69656342
C:\VIXMO AI\0-Code\loitering\lab\lab.mp4,409,0.00309688,0.69799052
C:\VIXMO AI\0-Code\loitering\lab\lab.mp4,410,0.00310008,0.69720084
C:\VIXMO AI\0-Code\loitering\lab\lab.mp4,411,0.00309224,0.69913411
C:\VIXMO AI\0-Code\loitering\lab\lab.mp4,412,0.00309211,0.69916662
C:\VIXMO AI\0-Code\loitering\lab\lab.mp4,413,0.00308095,0.70191909
C:\VIXMO AI\0-Code\loitering\lab\lab.mp4,414,0.00308000,0.70215469
C:\VIXMO AI\0-Code\loitering\lab\lab.mp4,415,0.00307324,0.70382272
C:\VIXMO AI\0-Code\loitering\lab\lab.mp4,416,0.00307470,0.70346077
C:\VIXMO AI\0-Code\loitering\lab\lab.mp4,417,0.00307380,0.70368385
C:\VIXMO AI\0-Code\loitering\lab\lab.mp4,418,0.00307584,0.70317974
C:\VIXMO AI\0-Code\loitering\lab\lab.mp4,419,0.00307524,0.70332861
C:\VIXMO AI\0-Code\loitering\lab\lab.mp4,420,0.00306928,0.70479907
C:\VIXMO AI\0-Code\loitering\lab\lab.mp4,421,0.00306800,0.70511559
C:\VIXMO AI\0-Code\loitering\lab\lab.mp4,422,0.00306237,0.70650242
C:\VIXMO AI\0-Code\loitering\lab\lab.mp4,423,0.00306713,0.70532833
C:\VIXMO AI\0-Code\loitering\lab\lab.mp4,424,0.00306914,0.70483445
C:\VIXMO AI\0-Code\loitering\lab\lab.mp4,425,0.00307505,0.70337484
C:\VIXMO AI\0-Code\loitering\lab\lab.mp4,426,0.00307952,0.70227186
C:\VIXMO AI\0-Code\loitering\lab\lab.mp4,427,0.00308925,0.69987198
C:\VIXMO AI\0-Code\loitering\lab\lab.mp4,428,0.00309636,0.69811757
C:\VIXMO AI\0-Code\loitering\lab\lab.mp4,429,0.00311026,0.69468908
C:\VIXMO AI\0-Code\loitering\lab\lab.mp4,430,0.00311565,0.69335917
C:\VIXMO AI\0-Code\loitering\lab\lab.mp4,431,0.00311825,0.69271940
C:\VIXMO AI\0-Code\loitering\lab\lab.mp4,432,0.00310893,0.69501709
C:\VIXMO AI\0-Code\loitering\lab\lab.mp4,433,0.00310352,0.69635281
C:\VIXMO AI\0-Code\loitering\lab\lab.mp4,434,0.00308890,0.69995802
C:\VIXMO AI\0-Code\loitering\lab\lab.mp4,435,0.00308273,0.70147983
C:\VIXMO AI\0-Code\loitering\lab\lab.mp4,436,0.00307680,0.70294299
C:\VIXMO AI\0-Code\loitering\lab\lab.mp4,437,0.00307090,0.70439794
C:\VIXMO AI\0-Code\loitering\lab\lab.mp4,438,0.00306506,0.70584020
C:\VIXMO AI\0-Code\loitering\lab\lab.mp4,439,0.00305982,0.70713237
C:\VIXMO AI\0-Code\loitering\lab\lab.mp4,440,0.00305444,0.70845907
C:\VIXMO AI\0-Code\loitering\lab\lab.mp4,441,0.00304882,0.70984596
C:\VIXMO AI\0-Code\loitering\lab\lab.mp4,442,0.00304498,0.71079335
C:\VIXMO AI\0-Code\loitering\lab\lab.mp4,443,0.00304059,0.71187509
C:\VIXMO AI\0-Code\loitering\lab\lab.mp4,444,0.00303721,0.71270934
C:\VIXMO AI\0-Code\loitering\lab\lab.mp4,445,0.00303465,0.71334170
C:\VIXMO AI\0-Code\loitering\lab\lab.mp4,446,0.00303236,0.71390554
C:\VIXMO AI\0-Code\loitering\lab\lab.mp4,447,0.00303041,0.71438622
C:\VIXMO AI\0-Code\loitering\lab\lab.mp4,448,0.00303067,0.71432361
C:\VIXMO AI\0-Code\loitering\lab\lab.mp4,449,0.00303016,0.71444911
C:\VIXMO AI\0-Code\loitering\lab\lab.mp4,450,0.00303003,0.71448035
C:\VIXMO AI\0-Code\loitering\lab\lab.mp4,451,0.00303041,0.71438794
C:\VIXMO AI\0-Code\loitering\lab\lab.mp4,452,0.00303003,0.71448168
C:\VIXMO AI\0-Code\loitering\lab\lab.mp4,453,0.00302960,0.71458644
C:\VIXMO AI\0-Code\loitering\lab\lab.mp4,454,0.00302938,0.71464135
C:\VIXMO AI\0-Code\loitering\lab\lab.mp4,455,0.00302913,0.71470217
C:\VIXMO AI\0-Code\loitering\lab\lab.mp4,456,0.00302821,0.71493019
C:\VIXMO AI\0-Code\loitering\lab\lab.mp4,457,0.00302881,0.71478223
C:\VIXMO AI\0-Code\loitering\lab\lab.mp4,458,0.00302790,0.71500704
C:\VIXMO AI\0-Code\loitering\lab\lab.mp4,459,0.00302750,0.71510410
C:\VIXMO AI\0-Code\loitering\lab\lab.mp4,460,0.00302775,0.71504224
C:\VIXMO AI\0-Code\loitering\lab\lab.mp4,461,0.00302735,0.71514149
C:\VIXMO AI\0-Code\loitering\lab\lab.mp4,462,0.00302681,0.71527583
C:\VIXMO AI\0-Code\loitering\lab\lab.mp4,463,0.00302681,0.71527428
C:\VIXMO AI\0-Code\loitering\lab\lab.mp4,464,0.00302626,0.71541109
C:\VIXMO AI\0-Code\loitering\lab\lab.mp4,465,0.00302532,0.71564307
C:\VIXMO AI\0-Code\loitering\lab\lab.mp4,466,0.00302589,0.71550305
C:\VIXMO AI\0-Code\loitering\lab\lab.mp4,467,0.00302545,0.71560988
C:\VIXMO AI\0-Code\loitering\lab\lab.mp4,468,0.00302482,0.71576696
C:\VIXMO AI\0-Code\loitering\lab\lab.mp4,469,0.00302436,0.71587999
C:\VIXMO AI\0-Code\loitering\lab\lab.mp4,470,0.00302382,0.71601255
C:\VIXMO AI\0-Code\loitering\lab\lab.mp4,471,0.00302256,0.71632328
C:\VIXMO AI\0-Code\loitering\lab\lab.mp4,472,0.00302251,0.71633643
C:\VIXMO AI\0-Code\loitering\lab\lab.mp4,473,0.00302176,0.71651994
C:\VIXMO AI\0-Code\loitering\lab\lab.mp4,474,0.00302105,0.71669730
C:\VIXMO AI\0-Code\loitering\lab\lab.mp4,475,0.00302134,0.71662418
C:\VIXMO AI\0-Code\loitering\lab\lab.mp4,476,0.00302120,0.71665910
C:\VIXMO AI\0-Code\loitering\lab\lab.mp4,477,0.00302103,0.71670034
C:\VIXMO AI\0-Code\loitering\lab\lab.mp4,478,0.00302147,0.71659162
C:\VIXMO AI\0-Code\loitering\lab\lab.mp4,479,0.00302169,0.71653883
C:\VIXMO AI\0-Code\loitering\lab\lab.mp4,480,0.00302122,0.71665520
C:\VIXMO AI\0-Code\loitering\lab\lab.mp4,481,0.00302161,0.71655773
C:\VIXMO AI\0-Code\loitering\lab\lab.mp4,482,0.00302133,0.71662763
C:\VIXMO AI\0-Code\loitering\lab\lab.mp4,483,0.00302094,0.71672251
C:\VIXMO AI\0-Code\loitering\lab\lab.mp4,484,0.00302156,0.71657146
C:\VIXMO AI\0-Code\loitering\lab\lab.mp4,485,0.00302192,0.71648100
C:\VIXMO AI\0-Code\loitering\lab\lab.mp4,486,0.00302171,0.71653378
C:\VIXMO AI\0-Code\loitering\lab\lab.mp4,487,0.00302195,0.71647537
C:\VIXMO AI\0-Code\loitering\lab\lab.mp4,488,0.00302223,0.71640576
C:\VIXMO AI\0-Code\loitering\lab\lab.mp4,489,0.00302149,0.71658811
C:\VIXMO AI\0-Code\loitering\lab\lab.mp4,490,0.00302188,0.71649122
C:\VIXMO AI\0-Code\loitering\lab\lab.mp4,491,0.00302168,0.71654182
C:\VIXMO AI\0-Code\loitering\lab\lab.mp4,492,0.00302140,0.71661046
C:\VIXMO AI\0-Code\loitering\lab\lab.mp4,493,0.00302149,0.71658708
C:\VIXMO AI\0-Code\loitering\lab\lab.mp4,494,0.00302134,0.71662562
C:\VIXMO AI\0-Code\loitering\lab\lab.mp4,495,0.00302083,0.71675060
C:\VIXMO AI\0-Code\loitering\lab\lab.mp4,496,0.00302134,0.71662516
C:\VIXMO AI\0-Code\loitering\lab\lab.mp4,497,0.00302160,0.71656083
C:\VIXMO AI\0-Code\loitering\lab\lab.mp4,498,0.00302106,0.71669385
C:\VIXMO AI\0-Code\loitering\lab\lab.mp4,499,0.00302108,0.71668891
C:\VIXMO AI\0-Code\loitering\lab\lab.mp4,500,0.00302104,0.71669816
C:\VIXMO AI\0-Code\loitering\lab\lab.mp4,501,0.00302062,0.71680172
C:\VIXMO AI\0-Code\loitering\lab\lab.mp4,502,0.00302082,0.71675393
C:\VIXMO AI\0-Code\loitering\lab\lab.mp4,503,0.00302153,0.71657680
C:\VIXMO AI\0-Code\loitering\lab\lab.mp4,504,0.00302098,0.71671401
C:\VIXMO AI\0-Code\loitering\lab\lab.mp4,505,0.00302143,0.71660356
C:\VIXMO AI\0-Code\loitering\lab\lab.mp4,506,0.00302162,0.71655451
C:\VIXMO AI\0-Code\loitering\lab\lab.mp4,507,0.00302145,0.71659690
C:\VIXMO AI\0-Code\loitering\lab\lab.mp4,508,0.00302188,0.71649156
C:\VIXMO AI\0-Code\loitering\lab\lab.mp4,509,0.00302281,0.71626102
C:\VIXMO AI\0-Code\loitering\lab\lab.mp4,510,0.00302271,0.71628698
C:\VIXMO AI\0-Code\loitering\lab\lab.mp4,511,0.00302332,0.71613725
C:\VIXMO AI\0-Code\loitering\lab\lab.mp4,512,0.00302341,0.71611284
C:\VIXMO AI\0-Code\loitering\lab\lab.mp4,513,0.00302311,0.71618745
C:\VIXMO AI\0-Code\loitering\lab\lab.mp4,514,0.00302326,0.71615166
C:\VIXMO AI\0-Code\loitering\lab\lab.mp4,515,0.00302410,0.71594438
C:\VIXMO AI\0-Code\loitering\lab\lab.mp4,516,0.00302374,0.71603277
C:\VIXMO AI\0-Code\loitering\lab\lab.mp4,517,0.00302378,0.71602301
C:\VIXMO AI\0-Code\loitering\lab\lab.mp4,518,0.00302424,0.71590911
C:\VIXMO AI\0-Code\loitering\lab\lab.mp4,519,0.00302368,0.71604851
C:\VIXMO AI\0-Code\loitering\lab\lab.mp4,520,0.00302386,0.71600256
C:\VIXMO AI\0-Code\loitering\lab\lab.mp4,521,0.00302430,0.71589389
C:\VIXMO AI\0-Code\loitering\lab\lab.mp4,522,0.00302403,0.71596098
C:\VIXMO AI\0-Code\loitering\lab\lab.mp4,523,0.00302435,0.71588298
C:\VIXMO AI\0-Code\loitering\lab\lab.mp4,524,0.00302536,0.71563302
C:\VIXMO AI\0-Code\loitering\lab\lab.mp4,525,0.00302606,0.71546043
C:\VIXMO AI\0-Code\loitering\lab\lab.mp4,526,0.00302672,0.71529749
C:\VIXMO AI\0-Code\loitering\lab\lab.mp4,527,0.00302857,0.71484053
C:\VIXMO AI\0-Code\loitering\lab\lab.mp4,528,0.00302913,0.71470240
C:\VIXMO AI\0-Code\loitering\lab\lab.mp4,529,0.00303099,0.71424464
C:\VIXMO AI\0-Code\loitering\lab\lab.mp4,530,0.00303245,0.71388412
C:\VIXMO AI\0-Code\loitering\lab\lab.mp4,531,0.00303358,0.71360642
C:\VIXMO AI\0-Code\loitering\lab\lab.mp4,532,0.00303479,0.71330563
C:\VIXMO AI\0-Code\loitering\lab\lab.mp4,533,0.00303717,0.71271893
C:\VIXMO AI\0-Code\loitering\lab\lab.mp4,534,0.00303836,0.71242584
C:\VIXMO AI\0-Code\loitering\lab\lab.mp4,535,0.00303996,0.71203126
C:\VIXMO AI\0-Code\loitering\lab\lab.mp4,536,0.00304285,0.71131860
C:\VIXMO AI\0-Code\loitering\lab\lab.mp4,537,0.00304413,0.71100230
C:\VIXMO AI\0-Code\loitering\lab\lab.mp4,538,0.00304616,0.71050290
C:\VIXMO AI\0-Code\loitering\lab\lab.mp4,539,0.00304890,0.70982534
C:\VIXMO AI\0-Code\loitering\lab\lab.mp4,540,0.00305161,0.70915766
C:\VIXMO AI\0-Code\loitering\lab\lab.mp4,541,0.00305274,0.70887841
C:\VIXMO AI\0-Code\loitering\lab\lab.mp4,542,0.00305597,0.70808109
C:\VIXMO AI\0-Code\loitering\lab\lab.mp4,543,0.00305635,0.70798718
C:\VIXMO AI\0-Code\loitering\lab\lab.mp4,544,0.00305813,0.70754855
C:\VIXMO AI\0-Code\loitering\lab\lab.mp4,545,0.00306020,0.70703864
C:\VIXMO AI\0-Code\loitering\lab\lab.mp4,546,0.00306215,0.70655837
C:\VIXMO AI\0-Code\loitering\lab\lab.mp4,547,0.00306322,0.70629405
C:\VIXMO AI\0-Code\loitering\lab\lab.mp4,548,0.00306555,0.70571929
C:\VIXMO AI\0-Code\loitering\lab\lab.mp4,549,0.00306556,0.70571522
C:\VIXMO AI\0-Code\loitering\lab\lab.mp4,550,0.00306663,0.70545142
C:\VIXMO AI\0-Code\loitering\lab\lab.mp4,551,0.00307095,0.70438565
C:\VIXMO AI\0-Code\loitering\lab\lab.mp4,552,0.00307423,0.70357771
C:\VIXMO AI\0-Code\loitering\lab\lab.mp4,553,0.00308925,0.69987336
C:\VIXMO AI\0-Code\loitering\lab\lab.mp4,554,0.00311568,0.69335262
C:\VIXMO AI\0-Code\loitering\lab\lab.mp4,555,0.00314232,0.68678042
C:\VIXMO AI\0-Code\loitering\lab\lab.mp4,556,0.00316933,0.68011873
C:\VIXMO AI\0-Code\loitering\lab\lab.mp4,557,0.00319270,0.67435200
C:\VIXMO AI\0-Code\loitering\lab\lab.mp4,558,0.00320436,0.67147725
C:\VIXMO AI\0-Code\loitering\lab\lab.mp4,559,0.00321349,0.66922424
C:\VIXMO AI\0-Code\loitering\lab\lab.mp4,560,0.00321671,0.66842939
C:\VIXMO AI\0-Code\loitering\lab\lab.mp4,561,0.00323903,0.66292365
C:\VIXMO AI\0-Code\loitering\lab\lab.mp4,562,0.00326190,0.65728236
C:\VIXMO AI\0-Code\loitering\lab\lab.mp4,563,0.00330159,0.64749240
C:\VIXMO AI\0-Code\loitering\lab\lab.mp4,564,0.00334367,0.63711207
C:\VIXMO AI\0-Code\loitering\lab\lab.mp4,565,0.00338992,0.62570152
C:\VIXMO AI\0-Code\loitering\lab\lab.mp4,566,0.00345953,0.60853154
C:\VIXMO AI\0-Code\loitering\lab\lab.mp4,567,0.00350326,0.59774422
C:\VIXMO AI\0-Code\loitering\lab\lab.mp4,568,0.00357818,0.57926149
C:\VIXMO AI\0-Code\loitering\lab\lab.mp4,569,0.00360647,0.57228449
C:\VIXMO AI\0-Code\loitering\lab\lab.mp4,570,0.00364758,0.56214159
C:\VIXMO AI\0-Code\loitering\lab\lab.mp4,571,0.00361938,0.56909896
C:\VIXMO AI\0-Code\loitering\lab\lab.mp4,572,0.00363634,0.56491411
C:\VIXMO AI\0-Code\loitering\lab\lab.mp4,573,0.00362797,0.56698046
C:\VIXMO AI\0-Code\loitering\lab\lab.mp4,574,0.00369193,0.55120201
C:\VIXMO AI\0-Code\loitering\lab\lab.mp4,575,0.00370799,0.54724036
C:\VIXMO AI\0-Code\loitering\lab\lab.mp4,576,0.00375888,0.53468633
C:\VIXMO AI\0-Code\loitering\lab\lab.mp4,577,0.00377706,0.53020115
C:\VIXMO AI\0-Code\loitering\lab\lab.mp4,578,0.00383416,0.51611699
C:\VIXMO AI\0-Code\loitering\lab\lab.mp4,579,0.00384535,0.51335683
C:\VIXMO AI\0-Code\loitering\lab\lab.mp4,580,0.00387529,0.50597002
C:\VIXMO AI\0-Code\loitering\lab\lab.mp4,581,0.00382104,0.51935278
C:\VIXMO AI\0-Code\loitering\lab\lab.mp4,582,0.00385190,0.51173985
C:\VIXMO AI\0-Code\loitering\lab\lab.mp4,583,0.00387204,0.50677136
C:\VIXMO AI\0-Code\loitering\lab\lab.mp4,584,0.00387972,0.50487829
C:\VIXMO AI\0-Code\loitering\lab\lab.mp4,585,0.00388533,0.50349439
C:\VIXMO AI\0-Code\loitering\lab\lab.mp4,586,0.00395013,0.48750797
C:\VIXMO AI\0-Code\loitering\lab\lab.mp4,587,0.00395426,0.48648838
C:\VIXMO AI\0-Code\loitering\lab\lab.mp4,588,0.00398131,0.47981624
C:\VIXMO AI\0-Code\loitering\lab\lab.mp4,589,0.00395419,0.48650607
C:\VIXMO AI\0-Code\loitering\lab\lab.mp4,590,0.00394521,0.48872135
C:\VIXMO AI\0-Code\loitering\lab\lab.mp4,591,0.00391353,0.49653680
C:\VIXMO AI\0-Code\loitering\lab\lab.mp4,592,0.00388357,0.50392866
C:\VIXMO AI\0-Code\loitering\lab\lab.mp4,593,0.00386322,0.50894827
C:\VIXMO AI\0-Code\loitering\lab\lab.mp4,594,0.00381823,0.52004689
C:\VIXMO AI\0-Code\loitering\lab\lab.mp4,595,0.00378854,0.52737092
C:\VIXMO AI\0-Code\loitering\lab\lab.mp4,596,0.00372936,0.54196912
C:\VIXMO AI\0-Code\loitering\lab\lab.mp4,597,0.00371890,0.54454912
C:\VIXMO AI\0-Code\loitering\lab\lab.mp4,598,0.00366124,0.55877256
C:\VIXMO AI\0-Code\loitering\lab\lab.mp4,599,0.00362428,0.56789075
C:\VIXMO AI\0-Code\loitering\lab\lab.mp4,600,0.00356359,0.58286200
C:\VIXMO AI\0-Code\loitering\lab\lab.mp4,601,0.00351051,0.59595436
C:\VIXMO AI\0-Code\loitering\lab\lab.mp4,602,0.00343672,0.61415778
C:\VIXMO AI\0-Code\loitering\lab\lab.mp4,603,0.00338956,0.62579158
C:\VIXMO AI\0-Code\loitering\lab\lab.mp4,604,0.00335262,0.63490414
C:\VIXMO AI\0-Code\loitering\lab\lab.mp4,605,0.00330917,0.64562087
C:\VIXMO AI\0-Code\loitering\lab\lab.mp4,606,0.00330843,0.64580495
C:\VIXMO AI\0-Code\loitering\lab\lab.mp4,607,0.00326419,0.65671817
C:\VIXMO AI\0-Code\loitering\lab\lab.mp4,608,0.00326112,0.65747545
C:\VIXMO AI\0-Code\loitering\lab\lab.mp4,609,0.00322513,0.66635322
C:\VIXMO AI\0-Code\loitering\lab\lab.mp4,610,0.00320757,0.67068620
C:\VIXMO AI\0-Code\loitering\lab\lab.mp4,611,0.00317112,0.67967711
C:\VIXMO AI\0-Code\loitering\lab\lab.mp4,612,0.00315502,0.68364836
C:\VIXMO AI\0-Code\loitering\lab\lab.mp4,613,0.00313048,0.68970106
C:\VIXMO AI\0-Code\loitering\lab\lab.mp4,614,0.00311353,0.69388395
C:\VIXMO AI\0-Code\loitering\lab\lab.mp4,615,0.00309262,0.69903992
C:\VIXMO AI\0-Code\loitering\lab\lab.mp4,616,0.00308306,0.70139890
C:\VIXMO AI\0-Code\loitering\lab\lab.mp4,617,0.00307394,0.70365013
C:\VIXMO AI\0-Code\loitering\lab\lab.mp4,618,0.00305909,0.70731261
C:\VIXMO AI\0-Code\loitering\lab\lab.mp4,619,0.00305127,0.70924266
C:\VIXMO AI\0-Code\loitering\lab\lab.mp4,620,0.00304836,0.70995853
C:\VIXMO AI\0-Code\loitering\lab\lab.mp4,621,0.00304417,0.71099266
C:\VIXMO AI\0-Code\loitering\lab\lab.mp4,622,0.00304092,0.71179428
C:\VIXMO AI\0-Code\loitering\lab\lab.mp4,623,0.00303778,0.71256885
C:\VIXMO AI\0-Code\loitering\lab\lab.mp4,624,0.00303694,0.71277608
C:\VIXMO AI\0-Code\loitering\lab\lab.mp4,625,0.00303434,0.71341660
C:\VIXMO AI\0-Code\loitering\lab\lab.mp4,626,0.00303392,0.71352050
C:\VIXMO AI\0-Code\loitering\lab\lab.mp4,627,0.00303401,0.71349982
C:\VIXMO AI\0-Code\loitering\lab\lab.mp4,628,0.00303358,0.71360607
C:\VIXMO AI\0-Code\loitering\lab\lab.mp4,629,0.00303327,0.71368292
C:\VIXMO AI\0-Code\loitering\lab\lab.mp4,630,0.00303314,0.71371296
C:\VIXMO AI\0-Code\loitering\lab\lab.mp4,631,0.00303256,0.71385684
C:\VIXMO AI\0-Code\loitering\lab\lab.mp4,632,0.00303201,0.71399233
C:\VIXMO AI\0-Code\loitering\lab\lab.mp4,633,0.00303170,0.71406808
C:\VIXMO AI\0-Code\loitering\lab\lab.mp4,634,0.00302954,0.71460212
C:\VIXMO AI\0-Code\loitering\lab\lab.mp4,635,0.00302799,0.71498515
C:\VIXMO AI\0-Code\loitering\lab\lab.mp4,636,0.00302615,0.71543700
C:\VIXMO AI\0-Code\loitering\lab\lab.mp4,637,0.00302403,0.71596132
C:\VIXMO AI\0-Code\loitering\lab\lab.mp4,638,0.00302232,0.71638238
C:\VIXMO AI\0-Code\loitering\lab\lab.mp4,639,0.00302212,0.71643177
C:\VIXMO AI\0-Code\loitering\lab\lab.mp4,640,0.00302070,0.71678288
C:\VIXMO AI\0-Code\loitering\lab\lab.mp4,641,0.00301996,0.71696397
C:\VIXMO AI\0-Code\loitering\lab\lab.mp4,642,0.00301981,0.71700285
C:\VIXMO AI\0-Code\loitering\lab\lab.mp4,643,0.00301913,0.71716965
C:\VIXMO AI\0-Code\loitering\lab\lab.mp4,644,0.00301812,0.71741914
C:\VIXMO AI\0-Code\loitering\lab\lab.mp4,645,0.00301863,0.71729371
C:\VIXMO AI\0-Code\loitering\lab\lab.mp4,646,0.00301784,0.71748807
C:\VIXMO AI\0-Code\loitering\lab\lab.mp4,647,0.00301726,0.71763022
C:\VIXMO AI\0-Code\loitering\lab\lab.mp4,648,0.00301752,0.71756635
C:\VIXMO AI\0-Code\loitering\lab\lab.mp4,649,0.00301692,0.71771407
C:\VIXMO AI\0-Code\loitering\lab\lab.mp4,650,0.00301610,0.71791757
C:\VIXMO AI\0-Code\loitering\lab\lab.mp4,651,0.00301690,0.71772022
C:\VIXMO AI\0-Code\loitering\lab\lab.mp4,652,0.00301633,0.71785979
C:\VIXMO AI\0-Code\loitering\lab\lab.mp4,653,0.00301601,0.71793922
C:\VIXMO AI\0-Code\loitering\lab\lab.mp4,654,0.00301606,0.71792624
C:\VIXMO AI\0-Code\loitering\lab\lab.mp4,655,0.00301568,0.71802089
C:\VIXMO AI\0-Code\loitering\lab\lab.mp4,656,0.00301507,0.71817183
C:\VIXMO AI\0-Code\loitering\lab\lab.mp4,657,0.00301555,0.71805415
C:\VIXMO AI\0-Code\loitering\lab\lab.mp4,658,0.00301512,0.71815788
C:\VIXMO AI\0-Code\loitering\lab\lab.mp4,659,0.00301506,0.71817384
C:\VIXMO AI\0-Code\loitering\lab\lab.mp4,660,0.00301587,0.71797288
C:\VIXMO AI\0-Code\loitering\lab\lab.mp4,661,0.00301572,0.71801130
C:\VIXMO AI\0-Code\loitering\lab\lab.mp4,662,0.00301501,0.71818510
C:\VIXMO AI\0-Code\loitering\lab\lab.mp4,663,0.00301566,0.71802658
C:\VIXMO AI\0-Code\loitering\lab\lab.mp4,664,0.00301539,0.71809229
C:\VIXMO AI\0-Code\loitering\lab\lab.mp4,665,0.00301510,0.71816471
C:\VIXMO AI\0-Code\loitering\lab\lab.mp4,666,0.00301537,0.71809665
C:\VIXMO AI\0-Code\loitering\lab\lab.mp4,667,0.00301531,0.71811135
C:\VIXMO AI\0-Code\loitering\lab\lab.mp4,668,0.00301482,0.71823340
C:\VIXMO AI\0-Code\loitering\lab\lab.mp4,669,0.00301584,0.71798126
C:\VIXMO AI\0-Code\loitering\lab\lab.mp4,670,0.00301579,0.71799304
C:\VIXMO AI\0-Code\loitering\lab\lab.mp4,671,0.00301579,0.71799332
C:\VIXMO AI\0-Code\loitering\lab\lab.mp4,672,0.00301619,0.71789517
C:\VIXMO AI\0-Code\loitering\lab\lab.mp4,673,0.00301627,0.71787541
C:\VIXMO AI\0-Code\loitering\lab\lab.mp4,674,0.00301594,0.71795657
C:\VIXMO AI\0-Code\loitering\lab\lab.mp4,675,0.00301665,0.71778259
C:\VIXMO AI\0-Code\loitering\lab\lab.mp4,676,0.00301603,0.71793531
C:\VIXMO AI\0-Code\loitering\lab\lab.mp4,677,0.00301567,0.71802290
C:\VIXMO AI\0-Code\loitering\lab\lab.mp4,678,0.00301598,0.71794778
C:\VIXMO AI\0-Code\loitering\lab\lab.mp4,679,0.00301600,0.71794135
C:\VIXMO AI\0-Code\loitering\lab\lab.mp4,680,0.00301525,0.71812721
C:\VIXMO AI\0-Code\loitering\lab\lab.mp4,681,0.00301576,0.71800004
C:\VIXMO AI\0-Code\loitering\lab\lab.mp4,682,0.00301546,0.71807569
C:\VIXMO AI\0-Code\loitering\lab\lab.mp4,683,0.00301509,0.71816701
C:\VIXMO AI\0-Code\loitering\lab\lab.mp4,684,0.00301522,0.71813530
C:\VIXMO AI\0-Code\loitering\lab\lab.mp4,685,0.00301489,0.71821457
C:\VIXMO AI\0-Code\loitering\lab\lab.mp4,686,0.00301401,0.71843311
C:\VIXMO AI\0-Code\loitering\lab\lab.mp4,687,0.00301444,0.71832599
C:\VIXMO AI\0-Code\loitering\lab\lab.mp4,688,0.00301431,0.71835850
C:\VIXMO AI\0-Code\loitering\lab\lab.mp4,689,0.00301406,0.71842110
C:\VIXMO AI\0-Code\loitering\lab\lab.mp4,690,0.00301399,0.71843770
C:\VIXMO AI\0-Code\loitering\lab\lab.mp4,691,0.00301407,0.71841903
C:\VIXMO AI\0-Code\loitering\lab\lab.mp4,692,0.00301314,0.71864763
C:\VIXMO AI\0-Code\loitering\lab\lab.mp4,693,0.00301335,0.71859444
C:\VIXMO AI\0-Code\loitering\lab\lab.mp4,694,0.00301306,0.71866687
C:\VIXMO AI\0-Code\loitering\lab\lab.mp4,695,0.00301250,0.71880552
C:\VIXMO AI\0-Code\loitering\lab\lab.mp4,696,0.00301243,0.71882240
C:\VIXMO AI\0-Code\loitering\lab\lab.mp4,697,0.00301274,0.71874601
C:\VIXMO AI\0-Code\loitering\lab\lab.mp4,698,0.00301262,0.71877462
C:\VIXMO AI\0-Code\loitering\lab\lab.mp4,699,0.00301324,0.71862224
C:\VIXMO AI\0-Code\loitering\lab\lab.mp4,700,0.00301346,0.71856894
C:\VIXMO AI\0-Code\loitering\lab\lab.mp4,701,0.00301268,0.71876054
C:\VIXMO AI\0-Code\loitering\lab\lab.mp4,702,0.00301304,0.71867209
C:\VIXMO AI\0-Code\loitering\lab\lab.mp4,703,0.00301348,0.71856406
C:\VIXMO AI\0-Code\loitering\lab\lab.mp4,704,0.00301318,0.71863694
C:\VIXMO AI\0-Code\loitering\lab\lab.mp4,705,0.00301388,0.71846441
C:\VIXMO AI\0-Code\loitering\lab\lab.mp4,706,0.00301461,0.71828550
C:\VIXMO AI\0-Code\loitering\lab\lab.mp4,707,0.00301449,0.71831399
C:\VIXMO AI\0-Code\loitering\lab\lab.mp4,708,0.00301503,0.71818114
C:\VIXMO AI\0-Code\loitering\lab\lab.mp4,709,0.00301545,0.71807672
C:\VIXMO AI\0-Code\loitering\lab\lab.mp4,710,0.00301510,0.71816385
C:\VIXMO AI\0-Code\loitering\lab\lab.mp4,711,0.00301530,0.71811566
C:\VIXMO AI\0-Code\loitering\lab\lab.mp4,712,0.00301577,0.71799936
C:\VIXMO AI\0-Code\loitering\lab\lab.mp4,713,0.00301547,0.71807184
C:\VIXMO AI\0-Code\loitering\lab\lab.mp4,714,0.00301530,0.71811423
C:\VIXMO AI\0-Code\loitering\lab\lab.mp4,715,0.00301609,0.71791900
C:\VIXMO AI\0-Code\loitering\lab\lab.mp4,716,0.00301592,0.71796202
C:\VIXMO AI\0-Code\loitering\lab\lab.mp4,717,0.00301617,0.71789896
C:\VIXMO AI\0-Code\loitering\lab\lab.mp4,718,0.00301664,0.71778455
C:\VIXMO AI\0-Code\loitering\lab\lab.mp4,719,0.00301666,0.71778030
C:\VIXMO AI\0-Code\loitering\lab\lab.mp4,720,0.00301665,0.71778127
C:\VIXMO AI\0-Code\loitering\lab\lab.mp4,721,0.00301725,0.71763464
C:\VIXMO AI\0-Code\loitering\lab\lab.mp4,722,0.00301632,0.71786300
C:\VIXMO AI\0-Code\loitering\lab\lab.mp4,723,0.00301654,0.71780804
C:\VIXMO AI\0-Code\loitering\lab\lab.mp4,724,0.00301666,0.71777869
C:\VIXMO AI\0-Code\loitering\lab\lab.mp4,725,0.00301639,0.71784698
C:\VIXMO AI\0-Code\loitering\lab\lab.mp4,726,0.00301592,0.71796105
C:\VIXMO AI\0-Code\loitering\lab\lab.mp4,727,0.00301674,0.71775928
C:\VIXMO AI\0-Code\loitering\lab\lab.mp4,728,0.00301646,0.71782912
C:\VIXMO AI\0-Code\loitering\lab\lab.mp4,729,0.00301728,0.71762735
C:\VIXMO AI\0-Code\loitering\lab\lab.mp4,730,0.00301784,0.71748818
C:\VIXMO AI\0-Code\loitering\lab\lab.mp4,731,0.00301813,0.71741731
C:\VIXMO AI\0-Code\loitering\lab\lab.mp4,732,0.00301803,0.71744120
C:\VIXMO AI\0-Code\loitering\lab\lab.mp4,733,0.00301919,0.71715517
C:\VIXMO AI\0-Code\loitering\lab\lab.mp4,734,0.00301854,0.71731634
C:\VIXMO AI\0-Code\loitering\lab\lab.mp4,735,0.00301904,0.71719159
C:\VIXMO AI\0-Code\loitering\lab\lab.mp4,736,0.00301953,0.71707172
C:\VIXMO AI\0-Code\loitering\lab\lab.mp4,737,0.00301932,0.71712238
C:\VIXMO AI\0-Code\loitering\lab\lab.mp4,738,0.00301890,0.71722708
C:\VIXMO AI\0-Code\loitering\lab\lab.mp4,739,0.00301954,0.71706781
C:\VIXMO AI\0-Code\loitering\lab\lab.mp4,740,0.00301926,0.71713662
C:\VIXMO AI\0-Code\loitering\lab\lab.mp4,741,0.00301918,0.71715741
C:\VIXMO AI\0-Code\loitering\lab\lab.mp4,742,0.00301989,0.71698200
C:\VIXMO AI\0-Code\loitering\lab\lab.mp4,743,0.00301961,0.71705047
C:\VIXMO AI\0-Code\loitering\lab\lab.mp4,744,0.00301924,0.71714162
C:\VIXMO AI\0-Code\loitering\lab\lab.mp4,745,0.00302037,0.71686501
C:\VIXMO AI\0-Code\loitering\lab\lab.mp4,746,0.00301997,0.71696179
C:\VIXMO AI\0-Code\loitering\lab\lab.mp4,747,0.00301998,0.71696041
C:\VIXMO AI\0-Code\loitering\lab\lab.mp4,748,0.00302063,0.71679925
C:\VIXMO AI\0-Code\loitering\lab\lab.mp4,749,0.00302100,0.71670970
C:\VIXMO AI\0-Code\loitering\lab\lab.mp4,750,0.00302237,0.71637118
C:\VIXMO AI\0-Code\loitering\lab\lab.mp4,751,0.00302443,0.71586265
C:\VIXMO AI\0-Code\loitering\lab\lab.mp4,752,0.00302630,0.71540144
C:\VIXMO AI\0-Code\loitering\lab\lab.mp4,753,0.00302858,0.71483881
C:\VIXMO AI\0-Code\loitering\lab\lab.mp4,754,0.00303306,0.71373301
C:\VIXMO AI\0-Code\loitering\lab\lab.mp4,755,0.00303807,0.71249746
C:\VIXMO AI\0-Code\loitering\lab\lab.mp4,756,0.00304462,0.71088094
C:\VIXMO AI\0-Code\loitering\lab\lab.mp4,757,0.00306415,0.70606471
C:\VIXMO AI\0-Code\loitering\lab\lab.mp4,758,0.00310016,0.69718022
C:\VIXMO AI\0-Code\loitering\lab\lab.mp4,759,0.00316615,0.68090364
C:\VIXMO AI\0-Code\loitering\lab\lab.mp4,760,0.00329800,0.64837811
C:\VIXMO AI\0-Code\loitering\lab\lab.mp4,761,0.00347027,0.60588188
C:\VIXMO AI\0-Code\loitering\lab\lab.mp4,762,0.00372238,0.54369052
C:\VIXMO AI\0-Code\loitering\lab\lab.mp4,763,0.00391728,0.49561174
C:\VIXMO AI\0-Code\loitering\lab\lab.mp4,764,0.00418150,0.43043283
C:\VIXMO AI\0-Code\loitering\lab\lab.mp4,765,0.00432208,0.39575583
C:\VIXMO AI\0-Code\loitering\lab\lab.mp4,766,0.00440454,0.37541445
C:\VIXMO AI\0-Code\loitering\lab\lab.mp4,767,0.00441442,0.37297643
C:\VIXMO AI\0-Code\loitering\lab\lab.mp4,768,0.00447825,0.35722998
C:\VIXMO AI\0-Code\loitering\lab\lab.mp4,769,0.00444693,0.36495652
C:\VIXMO AI\0-Code\loitering\lab\lab.mp4,770,0.00443255,0.36850441
C:\VIXMO AI\0-Code\loitering\lab\lab.mp4,771,0.00441399,0.37308120
C:\VIXMO AI\0-Code\loitering\lab\lab.mp4,772,0.00438230,0.38089986
C:\VIXMO AI\0-Code\loitering\lab\lab.mp4,773,0.00430554,0.39983408
C:\VIXMO AI\0-Code\loitering\lab\lab.mp4,774,0.00422095,0.42070169
C:\VIXMO AI\0-Code\loitering\lab\lab.mp4,775,0.00401990,0.47029658
C:\VIXMO AI\0-Code\loitering\lab\lab.mp4,776,0.00381822,0.52004947
C:\VIXMO AI\0-Code\loitering\lab\lab.mp4,777,0.00360124,0.57357443
C:\VIXMO AI\0-Code\loitering\lab\lab.mp4,778,0.00339495,0.62446161
C:\VIXMO AI\0-Code\loitering\lab\lab.mp4,779,0.00302515,0.71568558
C:\VIXMO AI\0-Code\loitering\lab\lab.mp4,780,0.00284115,0.76107322
C:\VIXMO AI\0-Code\loitering\lab\lab.mp4,781,0.00266605,0.80426970
C:\VIXMO AI\0-Code\loitering\lab\lab.mp4,782,0.00256453,0.82931240
C:\VIXMO AI\0-Code\loitering\lab\lab.mp4,783,0.00239710,0.87061289
C:\VIXMO AI\0-Code\loitering\lab\lab.mp4,784,0.00227459,0.90083475
C:\VIXMO AI\0-Code\loitering\lab\lab.mp4,785,0.00215220,0.93102686
C:\VIXMO AI\0-Code\loitering\lab\lab.mp4,786,0.00203355,0.96029472
C:\VIXMO AI\0-Code\loitering\lab\lab.mp4,787,0.00194311,0.98260567
C:\VIXMO AI\0-Code\loitering\lab\lab.mp4,788,0.00190012,0.99321003
C:\VIXMO AI\0-Code\loitering\lab\lab.mp4,789,0.00191387,0.98981716
C:\VIXMO AI\0-Code\loitering\lab\lab.mp4,790,0.00187679,0.99896447
C:\VIXMO AI\0-Code\loitering\lab\lab.mp4,791,0.00187260,1.00000000
